file,start,end,kind,name,params,body_lines,complexity,callees
../../PastScreen/Components/LiquidGlassComponents.swift,22,34,func,"GlassContainerStyle.body",1,11,3,"RoundedRectangle;background;clipShape;opacity;overlay;shadow;strokeBorder"
../../PastScreen/Components/LiquidGlassComponents.swift,52,68,func,"View.glassContainer",5,9,1,"GlassContainerStyle;modifier"
../../PastScreen/Components/LiquidGlassComponents.swift,90,94,init,"GlassButton.init",3,3,1,""
../../PastScreen/Components/LiquidGlassComponents.swift,130,133,init,"VibrancyText.init",2,2,1,""
../../PastScreen/Components/LiquidGlassComponents.swift,147,149,init,"GlassCard.init",1,1,1,"content"
../../PastScreen/Components/LiquidGlassComponents.swift,164,170,func,"BlurOverlay.makeNSView",1,5,1,"NSVisualEffectView"
../../PastScreen/Components/LiquidGlassComponents.swift,172,175,func,"BlurOverlay.updateNSView",2,2,1,""
../../PastScreen/Models/AppSettings.swift,60,62,func,"HotKey.normalizedModifiers",1,1,1,"intersection"
../../PastScreen/Models/AppSettings.swift,64,78,func,"HotKey.displayKey",2,13,4,"NSLocalizedString;String;uppercased"
../../PastScreen/Models/AppSettings.swift,132,134,init,"RGBAColor.init",4,1,1,""
../../PastScreen/Models/AppSettings.swift,136,142,init,"RGBAColor.init",1,5,1,"Double;usingColorSpace"
../../PastScreen/Models/AppSettings.swift,144,147,init,"RGBAColor.init",1,2,2,"NSColor;init;usingColorSpace"
../../PastScreen/Models/AppSettings.swift,230,232,didSet,"AppSettings.saveToFile.didSet",0,1,1,"set"
../../PastScreen/Models/AppSettings.swift,236,239,didSet,"AppSettings.saveFolderPath.didSet",0,2,1,"ensureFolderExists;set"
../../PastScreen/Models/AppSettings.swift,243,245,didSet,"AppSettings.imageFormat.didSet",0,1,1,"set"
../../PastScreen/Models/AppSettings.swift,249,251,didSet,"AppSettings.windowBorderEnabled.didSet",0,1,1,"set"
../../PastScreen/Models/AppSettings.swift,255,257,didSet,"AppSettings.windowBorderWidth.didSet",0,1,1,"set"
../../PastScreen/Models/AppSettings.swift,261,263,didSet,"AppSettings.windowBorderCornerRadius.didSet",0,1,1,"set"
../../PastScreen/Models/AppSettings.swift,267,271,didSet,"AppSettings.windowBorderColor.didSet",0,3,2,"JSONEncoder;encode;set"
../../PastScreen/Models/AppSettings.swift,275,282,didSet,"AppSettings.frozenWindowLimitPerDisplay.didSet",0,6,2,"max;set"
../../PastScreen/Models/AppSettings.swift,286,288,didSet,"AppSettings.playSoundOnCapture.didSet",0,1,1,"set"
../../PastScreen/Models/AppSettings.swift,292,294,didSet,"AppSettings.captureClipboardFormat.didSet",0,1,1,"set"
../../PastScreen/Models/AppSettings.swift,298,300,didSet,"AppSettings.globalHotkeyEnabled.didSet",0,1,1,"set"
../../PastScreen/Models/AppSettings.swift,304,308,didSet,"AppSettings.globalHotkey.didSet",0,3,2,"JSONEncoder;encode;set"
../../PastScreen/Models/AppSettings.swift,312,316,didSet,"AppSettings.advancedHotkey.didSet",0,3,2,"JSONEncoder;encode;set"
../../PastScreen/Models/AppSettings.swift,320,322,didSet,"AppSettings.advancedHotkeyEnabled.didSet",0,1,1,"set"
../../PastScreen/Models/AppSettings.swift,326,335,didSet,"AppSettings.editingToolOrder.didSet",0,8,3,"map;normalizeToolOrder;set"
../../PastScreen/Models/AppSettings.swift,339,342,didSet,"AppSettings.enabledEditingTools.didSet",0,2,2,"map;set"
../../PastScreen/Models/AppSettings.swift,346,350,didSet,"AppSettings.showInDock.didSet",0,3,1,"post;set"
../../PastScreen/Models/AppSettings.swift,354,357,didSet,"AppSettings.launchAtLogin.didSet",0,2,1,"set;setEnabled"
../../PastScreen/Models/AppSettings.swift,361,363,didSet,"AppSettings.captureHistory.didSet",0,1,1,"set"
../../PastScreen/Models/AppSettings.swift,367,369,didSet,"AppSettings.screenshotSequence.didSet",0,1,1,"set"
../../PastScreen/Models/AppSettings.swift,373,382,didSet,"AppSettings.appLanguage.didSet",0,8,2,"applyAppLanguage;playAntarcticChirp;set"
../../PastScreen/Models/AppSettings.swift,388,388,get,"AppSettings.saveFolderBookmark.get",0,0,1,"data"
../../PastScreen/Models/AppSettings.swift,389,389,set,"AppSettings.saveFolderBookmark.set",0,0,1,"set"
../../PastScreen/Models/AppSettings.swift,402,492,init,"AppSettings.init",0,89,9,"AppLanguage;CaptureClipboardFormat;JSONDecoder;Set;applyAppLanguage;array;compactMap;data;decode;ensureFolderExists;integer;max;normalizeToolOrder;object;restoreFolderAccess;string;stringArray"
../../PastScreen/Models/AppSettings.swift,494,501,func,"AppSettings.ensureFolderExists",0,6,2,"createDirectory;fileExists"
../../PastScreen/Models/AppSettings.swift,503,526,func,"AppSettings.selectFolder",0,22,4,"NSLocalizedString;NSOpenPanel;bookmarkData;runModal;startAccessing"
../../PastScreen/Models/AppSettings.swift,528,543,func,"AppSettings.restoreFolderAccess",0,14,4,"URL;startAccessing"
../../PastScreen/Models/AppSettings.swift,545,547,func,"AppSettings.startAccessing",1,1,1,"startAccessingSecurityScopedResource"
../../PastScreen/Models/AppSettings.swift,549,564,func,"AppSettings.clearSaveFolder",0,14,4,"contentsOfDirectory;hasPrefix;hasSuffix;removeItem"
../../PastScreen/Models/AppSettings.swift,566,581,func,"AppSettings.addToHistory",1,14,3,"Array;insert;prefix;removeAll"
../../PastScreen/Models/AppSettings.swift,583,585,func,"AppSettings.clearHistory",0,1,1,"removeAll"
../../PastScreen/Models/AppSettings.swift,587,595,func,"AppSettings.updateEditingTool",2,7,3,"insert;remove"
../../PastScreen/Models/AppSettings.swift,607,609,func,"AppSettings.updateEditingToolOrder",1,1,1,"normalizeToolOrder"
../../PastScreen/Models/AppSettings.swift,611,626,func,"AppSettings.normalizeToolOrder",2,14,3,"append;contains;insert"
../../PastScreen/Models/AppSettings.swift,628,638,func,"AppSettings.applyAppLanguage",0,9,3,"removeObject;set;setAppLanguage;synchronize"
../../PastScreen/Models/AppSettings.swift,640,655,func,"AppSettings.playAntarcticChirp",0,14,3,"NSSound;play;url"
../../PastScreen/PastScreenApp.swift,59,139,func,"AppDelegate.applicationDidFinishLaunching",1,79,3,"NSLog;ScreenshotService;addObserver;checkAllPermissions;current;runningApplications;startMonitoring;terminate;testNotification;updateActivationPolicy"
../../PastScreen/PastScreenApp.swift,141,145,func,"AppDelegate.handleScreenshotCaptured",1,3,2,""
../../PastScreen/PastScreenApp.swift,147,151,func,"AppDelegate.takeScreenshot",0,3,2,"performAreaCapture;requestScreenRecordingIfNeeded"
../../PastScreen/PastScreenApp.swift,153,157,func,"AppDelegate.captureFullScreen",0,3,2,"performFullScreenCapture;requestScreenRecordingIfNeeded"
../../PastScreen/PastScreenApp.swift,159,163,func,"AppDelegate.handleHotKeyPressed",0,3,2,"performAreaCapture;requestScreenRecordingIfNeeded"
../../PastScreen/PastScreenApp.swift,165,169,func,"AppDelegate.handleAdvancedHotKeyPressed",0,3,2,"performAdvancedAreaCapture;requestScreenRecordingIfNeeded"
../../PastScreen/PastScreenApp.swift,171,175,func,"AppDelegate.captureAdvanced",0,3,2,"performAdvancedAreaCapture;requestScreenRecordingIfNeeded"
../../PastScreen/PastScreenApp.swift,177,194,func,"AppDelegate.revealLastScreenshot",0,16,3,"NSAlert;NSLocalizedString;fileExists;runModal;selectFile"
../../PastScreen/PastScreenApp.swift,196,210,func,"AppDelegate.copyFromHistory",1,13,4,"NSImage;NSSound;clearContents;fileExists;play;setString;show;writeObjects"
../../PastScreen/PastScreenApp.swift,212,215,func,"AppDelegate.copyFromHistory",1,2,2,"copyFromHistory"
../../PastScreen/PastScreenApp.swift,217,219,func,"AppDelegate.clearHistory",0,1,1,"clearHistory"
../../PastScreen/PastScreenApp.swift,221,230,func,"AppDelegate.changeDestinationFolder",0,8,2,"activate;selectFolder"
../../PastScreen/PastScreenApp.swift,232,236,func,"AppDelegate.openPreferences",0,3,1,"Selector;activate;sendAction"
../../PastScreen/PastScreenApp.swift,238,243,func,"AppDelegate.quit",0,4,1,"terminate"
../../PastScreen/PastScreenApp.swift,247,253,func,"AppDelegate.userNotificationCenter",3,5,2,"completionHandler"
../../PastScreen/PastScreenApp.swift,255,267,func,"AppDelegate.userNotificationCenter",3,11,3,"completionHandler;selectFile;setActivationPolicy"
../../PastScreen/PastScreenApp.swift,269,271,func,"AppDelegate.applicationWillTerminate",1,1,1,""
../../PastScreen/PastScreenApp.swift,273,275,func,"AppDelegate.applicationShouldTerminateAfterLastWindowClosed",1,1,1,""
../../PastScreen/PastScreenApp.swift,277,279,func,"AppDelegate.requestNotificationPermission",0,1,2,"current;requestAuthorization"
../../PastScreen/PastScreenApp.swift,282,289,func,"AppDelegate.testNotification",0,6,1,"UNMutableNotificationContent;UNNotificationRequest;UUID;add;current"
../../PastScreen/PastScreenApp.swift,296,318,func,"AppDelegate.requestAllPermissions",0,21,7,"Task;checkAllPermissions;contains;getMissingPermissions;requestPermission;showPermissionAlert;sleep"
../../PastScreen/PastScreenApp.swift,320,341,func,"AppDelegate.requestScreenRecordingIfNeeded",1,20,7,"Task;checkScreenRecordingPermission;onGranted;requestPermission;resume;showPermissionAlert;withCheckedContinuation"
../../PastScreen/PastScreenApp.swift,343,350,func,"AppDelegate.performAreaCapture",1,6,3,"Task;capturePreviousApp;captureScreenshot;sleep"
../../PastScreen/PastScreenApp.swift,352,359,func,"AppDelegate.performAdvancedAreaCapture",1,6,3,"Task;captureAdvancedScreenshot;capturePreviousApp;sleep"
../../PastScreen/PastScreenApp.swift,361,365,func,"AppDelegate.performFullScreenCapture",1,3,2,"captureFullScreen;capturePreviousApp"
../../PastScreen/PastScreenApp.swift,375,377,func,"AppDelegate.handleShowInDockChanged",0,1,1,"updateActivationPolicy"
../../PastScreen/PastScreenApp.swift,379,387,func,"AppDelegate.updateActivationPolicy",0,7,2,"setActivationPolicy"
../../PastScreen/Services/HotKeyManager.swift,30,67,init,"HotKeyManager.init",0,36,13,"Task;sink;startMonitoring;stopMonitoring"
../../PastScreen/Services/HotKeyManager.swift,69,82,deinit,"HotKeyManager.deinit",0,12,3,"cancel;removeMonitor"
../../PastScreen/Services/HotKeyManager.swift,85,114,func,"HotKeyManager.startMonitoring",0,28,9,"AXIsProcessTrusted;Task;assumeIsolated;handleHotKeyValues;installGlobalMonitor;installLocalMonitor;stopMonitoring"
../../PastScreen/Services/HotKeyManager.swift,121,127,func,"HotKeyManager.installGlobalMonitor",1,3,2,"addGlobalMonitorForEvents;handler"
../../PastScreen/Services/HotKeyManager.swift,130,137,func,"HotKeyManager.installLocalMonitor",1,4,2,"addLocalMonitorForEvents;handler"
../../PastScreen/Services/HotKeyManager.swift,140,149,func,"HotKeyManager.stopMonitoring",0,8,3,"removeMonitor"
../../PastScreen/Services/HotKeyManager.swift,151,153,func,"HotKeyManager.setRecordingHotKey",1,1,1,""
../../PastScreen/Services/HotKeyManager.swift,155,204,func,"HotKeyManager.handleHotKeyValues",3,47,9,"lowercased;normalizedModifiers;post"
../../PastScreen/Services/LaunchAtLoginManager.swift,15,15,init,"LaunchAtLoginManager.init",0,0,1,""
../../PastScreen/Services/LaunchAtLoginManager.swift,28,50,func,"LaunchAtLoginManager.setEnabled",1,21,6,"NSLog;register;unregister"
../../PastScreen/Services/PermissionManager.swift,67,71,func,"PermissionManager.checkAllPermissions",0,3,1,"checkAccessibilityPermission;checkNotificationPermission;checkScreenRecordingPermission"
../../PastScreen/Services/PermissionManager.swift,73,78,func,"PermissionManager.checkScreenRecordingPermission",0,4,2,"CGPreflightScreenCaptureAccess"
../../PastScreen/Services/PermissionManager.swift,80,83,func,"PermissionManager.checkAccessibilityPermission",0,2,1,"AXIsProcessTrusted"
../../PastScreen/Services/PermissionManager.swift,85,101,func,"PermissionManager.checkNotificationPermission",0,15,7,"Task;current;getNotificationSettings"
../../PastScreen/Services/PermissionManager.swift,105,124,func,"PermissionManager.requestPermission",2,18,5,"completion;requestAccessibility;requestNotifications;requestScreenRecording;showMaxRetriesAlert"
../../PastScreen/Services/PermissionManager.swift,126,142,func,"PermissionManager.requestScreenRecording",1,15,4,"CGPreflightScreenCaptureAccess;CGRequestScreenCaptureAccess;Task;checkScreenRecordingPermission;completion;sleep"
../../PastScreen/Services/PermissionManager.swift,144,161,func,"PermissionManager.requestAccessibility",1,16,3,"AXIsProcessTrusted;AXIsProcessTrustedWithOptions;Task;checkAccessibilityPermission;completion;sleep"
../../PastScreen/Services/PermissionManager.swift,163,171,func,"PermissionManager.requestNotifications",1,7,3,"Task;checkNotificationPermission;completion;current;requestAuthorization"
../../PastScreen/Services/PermissionManager.swift,175,179,func,"PermissionManager.allPermissionsGranted",0,3,1,""
../../PastScreen/Services/PermissionManager.swift,181,195,func,"PermissionManager.getMissingPermissions",0,13,4,"append"
../../PastScreen/Services/PermissionManager.swift,197,213,func,"PermissionManager.showPermissionAlert",1,15,3,"NSAlert;NSLocalizedString;addButton;joined;map;openSystemPreferences;runModal"
../../PastScreen/Services/PermissionManager.swift,215,232,func,"PermissionManager.showMaxRetriesAlert",1,16,2,"NSAlert;NSLocalizedString;addButton;openSystemPreferences;runModal"
../../PastScreen/Services/PermissionManager.swift,234,237,func,"PermissionManager.openSystemPreferences",0,2,1,"URL;open"
../../PastScreen/Services/PermissionManager.swift,241,243,func,"PermissionManager.resetRetryCounters",0,1,1,"removeAll"
../../PastScreen/Services/PermissionManager.swift,247,249,func,"PermissionManager.requestAccessibilityPermission",1,1,1,"requestPermission"
../../PastScreen/Services/PermissionManager.swift,251,253,func,"PermissionManager.requestScreenRecordingPermission",1,1,1,"requestPermission"
../../PastScreen/Services/ScreenshotService.swift,127,139,func,"ScreenshotService.captureScreenshot",1,11,2,"endSelectionSession;hide;startSelectionFlow"
../../PastScreen/Services/ScreenshotService.swift,141,152,func,"ScreenshotService.captureAdvancedScreenshot",1,10,2,"endSelectionSession;hide;startSelectionFlow"
../../PastScreen/Services/ScreenshotService.swift,155,160,func,"ScreenshotService.captureFullScreen",1,4,2,"performCapture;reduce;union"
../../PastScreen/Services/ScreenshotService.swift,164,211,func,"ScreenshotService.selectionWindow",2,46,9,"Task;frozenCapture;getOverlayWindowIDs;handleAdvancedCapture;handleSuccessfulCapture;hide;performAdvancedCapture;performCapture;removeAll;restorePreviousAppFocus;scheduleSelectionCleanup;sleep"
../../PastScreen/Services/ScreenshotService.swift,213,284,func,"ScreenshotService.selectionWindow",2,70,10,"CGRect;CGSize;EdgeInsetValues;FrozenWindowSnapshot;SendableCGImage;Task;applyFrozenBorderIfNeeded;getOverlayWindowIDs;handleAdvancedCapture;handleSuccessfulCapture;hide;performAdvancedWindowCapture;performWindowCapture;removeAll;restorePreviousAppFocus;scheduleSelectionCleanup;sleep"
../../PastScreen/Services/ScreenshotService.swift,286,293,func,"ScreenshotService.selectionWindowDidCancel",1,6,1,"hide;restorePreviousAppFocus;scheduleSelectionCleanup"
../../PastScreen/Services/ScreenshotService.swift,294,300,func,"ScreenshotService.showErrorAlert",1,5,1,"NSAlert;NSLocalizedString;runModal"
../../PastScreen/Services/ScreenshotService.swift,302,314,func,"ScreenshotService.scheduleSelectionCleanup",1,11,4,"Task;endSelectionSession;post;removeAll;sleep"
../../PastScreen/Services/ScreenshotService.swift,316,337,func,"ScreenshotService.captureWindowUnderMouse",2,20,4,"hitTestFrontmostWindowAtMouse;performAdvancedWindowCapture;performWindowCapture;showErrorNotification"
../../PastScreen/Services/ScreenshotService.swift,341,347,func,"ScreenshotService.beginSelectionSession",0,5,1,"UUID;cancel"
../../PastScreen/Services/ScreenshotService.swift,349,353,func,"ScreenshotService.endSelectionSession",0,3,1,"cancel"
../../PastScreen/Services/ScreenshotService.swift,355,357,func,"ScreenshotService.isCurrentSelectionSession",1,1,1,""
../../PastScreen/Services/ScreenshotService.swift,361,440,func,"ScreenshotService.startSelectionFlow",1,78,27,"SelectionWindow;Task;beginSelectionSession;getOverlayWindowIDs;isCurrentSelectionSession;mapValues;prepareFrozenDisplaySnapshotsWithScreenCaptureKit;prepareFrozenWindowSnapshotsWithScreenCaptureKit;removeAll;run;setOverlayAlpha;show;showErrorAlert;sleep"
../../PastScreen/Services/ScreenshotService.swift,442,462,func,"ScreenshotService.prepareFrozenDisplaySnapshotsWithScreenCaptureKit",0,19,5,"NSDeviceDescriptionKey;SendableCGImage;captureDisplaySnapshot;excludingDesktopWindows;first"
../../PastScreen/Services/ScreenshotService.swift,464,489,func,"ScreenshotService.prepareFrozenWindowSnapshotsWithScreenCaptureKit",1,24,7,"CGWindowID;Set;captureWindowSnapshot;contains;excludingDesktopWindows;flatMap;visibleWindowIDsByDisplay"
../../PastScreen/Services/ScreenshotService.swift,492,567,func,"ScreenshotService.visibleWindowIDsByDisplay",1,74,12,"CGDisplayBounds;CGMainDisplayID;CGRect;CGWindowLevelForKey;CGWindowListCopyWindowInfo;Int;NSDeviceDescriptionKey;appKitRect;append;compactMap;contains;displayID"
../../PastScreen/Services/ScreenshotService.swift,506,509,func,"ScreenshotService.appKitRect",1,2,1,"CGRect"
../../PastScreen/Services/ScreenshotService.swift,518,533,func,"ScreenshotService.displayID",1,14,5,"intersection"
../../PastScreen/Services/ScreenshotService.swift,569,585,func,"ScreenshotService.captureDisplaySnapshot",3,11,1,"CGRect;Int;SCContentFilter;SCStreamConfiguration;captureImage"
../../PastScreen/Services/ScreenshotService.swift,587,636,func,"ScreenshotService.captureWindowSnapshot",2,48,2,"CGFloat;CGSize;EdgeInsetValues;FrozenWindowSnapshot;Int;SCContentFilter;SCStreamConfiguration;SendableCGImage;applyFrozenBorderIfNeeded;captureImage;max"
../../PastScreen/Services/ScreenshotService.swift,638,666,func,"ScreenshotService.frozenCapture",1,27,7,"CGFloat;CGRect;CGSize;NSDeviceDescriptionKey;cropping;first;intersection;intersects;max"
../../PastScreen/Services/ScreenshotService.swift,669,730,func,"ScreenshotService.applyFrozenBorderIfNeeded",2,60,5,"CALayer;CGColor;CGColorSpace;CGContext;CGFloat;CGRect;Int;NSEdgeInsets;ceil;draw;makeImage;max;render"
../../PastScreen/Services/ScreenshotService.swift,735,756,func,"ScreenshotService.showSuccessNotification",1,20,3,"NSLocalizedString;UNMutableNotificationContent;UNNotificationRequest;UUID;add;current;show"
../../PastScreen/Services/ScreenshotService.swift,758,784,func,"ScreenshotService.performCapture",4,20,7,"NSError;Task;captureWithScreenCaptureKit;handleSuccessfulCapture;run;showErrorNotification"
../../PastScreen/Services/ScreenshotService.swift,786,819,func,"ScreenshotService.performAdvancedCapture",4,27,8,"NSError;Task;captureWithScreenCaptureKit;handleAdvancedCapture;post;run;showErrorNotification"
../../PastScreen/Services/ScreenshotService.swift,821,857,func,"ScreenshotService.performWindowCapture",4,30,6,"CGRect;CGSize;Task;captureWindow;handleSuccessfulCapture;run;showErrorNotification"
../../PastScreen/Services/ScreenshotService.swift,859,899,func,"ScreenshotService.performAdvancedWindowCapture",4,34,7,"CGRect;CGSize;Task;captureWindow;handleAdvancedCapture;post;run;showErrorNotification"
../../PastScreen/Services/ScreenshotService.swift,902,904,func,"ScreenshotService.captureWithScreenCaptureKit",2,1,1,"captureScreenRegion"
../../PastScreen/Services/ScreenshotService.swift,907,945,func,"ScreenshotService.handleAdvancedCapture",6,30,3,"ImageEditingWindow;NSBitmapImageRep;NSImage;addRepresentation;handleEditedImage;post;show"
../../PastScreen/Services/ScreenshotService.swift,950,1007,func,"ScreenshotService.handleEditedImage",6,49,10,"NSError;NSSound;Name;Task;addToHistory;cgImage;copyToClipboard;play;post;resolvedAppInfo;saveToDiskAsync;showErrorNotification;showSuccessNotification"
../../PastScreen/Services/ScreenshotService.swift,1010,1066,func,"ScreenshotService.handleSuccessfulCapture",6,48,9,"NSBitmapImageRep;NSImage;NSSound;Name;Task;addRepresentation;addToHistory;copyToClipboard;play;post;resolvedAppInfo;saveToDiskAsync;showSuccessNotification"
../../PastScreen/Services/ScreenshotService.swift,1068,1180,func,"ScreenshotService.captureScreenRegion",2,111,15,"CGRect;CGWindowID;Int;NSDeviceDescriptionKey;NSError;SCContentFilter;SCStreamConfiguration;captureImage;contains;filter;first;intersection;intersects"
../../PastScreen/Services/ScreenshotService.swift,1185,1187,func,"ScreenshotService.capturePreviousApp",0,1,1,""
../../PastScreen/Services/ScreenshotService.swift,1189,1193,func,"ScreenshotService.restorePreviousAppFocus",0,3,3,"activate"
../../PastScreen/Services/ScreenshotService.swift,1196,1202,func,"ScreenshotService.detectFrontmostApp",0,5,2,""
../../PastScreen/Services/ScreenshotService.swift,1204,1216,func,"ScreenshotService.resolvedAppInfo",2,11,4,"Int;map;sanitizedAppString"
../../PastScreen/Services/ScreenshotService.swift,1218,1223,func,"ScreenshotService.sanitizedAppString",1,4,2,"trimmingCharacters"
../../PastScreen/Services/ScreenshotService.swift,1228,1284,func,"ScreenshotService.copyToClipboard",4,49,12,"NSPasteboardItem;clearContents;makeMarkdownImageReference;makePNGClipboardData;saveToFileAndGetPath;setData;setString;writeObjects"
../../PastScreen/Services/ScreenshotService.swift,1286,1290,func,"ScreenshotService.makePNGClipboardData",2,3,1,"NSBitmapImageRep;representation"
../../PastScreen/Services/ScreenshotService.swift,1292,1300,func,"ScreenshotService.makeMarkdownImageReference",1,7,2,"URL;deletingPathExtension;replacingOccurrences"
../../PastScreen/Services/ScreenshotService.swift,1303,1328,func,"ScreenshotService.saveToDiskAsync",2,21,2,"SendableCGImage;detached;ensureFolderExists;saveToFile"
../../PastScreen/Services/ScreenshotService.swift,1331,1385,func,"ScreenshotService.saveToFile",5,47,7,"NSBitmapImageRep;NSTemporaryDirectory;URL;appendingPathComponent;fileExists;representation;write"
../../PastScreen/Services/ScreenshotService.swift,1389,1404,func,"ScreenshotService.saveToFileAndGetPath",2,14,1,"ensureFolderExists;saveToFile"
../../PastScreen/Services/ScreenshotService.swift,1406,1413,func,"ScreenshotService.showErrorNotification",1,6,1,"NSAlert;addButton;runModal"
../../PastScreen/Services/ScreenshotService.swift,1415,1417,deinit,"ScreenshotService.deinit",0,1,1,"removeObserver"
../../PastScreen/Services/WindowCaptureCoordinator.swift,33,38,init,"EdgeInsetValues.init",4,4,1,""
../../PastScreen/Services/WindowCaptureCoordinator.swift,40,45,init,"EdgeInsetValues.init",1,4,1,""
../../PastScreen/Services/WindowCaptureCoordinator.swift,108,110,func,"WindowCaptureCoordinator.QuartzSpace.quartzPoint",1,1,1,"CGPoint"
../../PastScreen/Services/WindowCaptureCoordinator.swift,112,115,func,"WindowCaptureCoordinator.QuartzSpace.appKitRect",1,2,1,"CGRect"
../../PastScreen/Services/WindowCaptureCoordinator.swift,120,235,func,"WindowCaptureCoordinator.hitTestFrontmostWindow",4,109,23,"CGDisplayBounds;CGMainDisplayID;CGRect;CGWindowLevelForKey;CGWindowListCopyWindowInfo;Int;WindowCandidate;WindowHitTestResult;appKitRect;contains;insetBy;pid_t;union"
../../PastScreen/Services/WindowCaptureCoordinator.swift,238,252,func,"WindowCaptureCoordinator.hitTestFrontmostWindowAtMouse",3,9,1,"hitTestFrontmostWindow;quartzPoint"
../../PastScreen/Services/WindowCaptureCoordinator.swift,256,320,func,"WindowCaptureCoordinator.captureWindow",2,63,8,"CGColor;CGFloat;EdgeInsetValues;Int;NSEdgeInsets;SCContentFilter;SCStreamConfiguration;SendableCGImage;WindowCaptureInfo;addBorderIfNeeded;captureImage;excludingDesktopWindows;first;generic;max;shareableWindowNotFound;streamError"
../../PastScreen/Services/WindowCaptureCoordinator.swift,322,324,func,"WindowCaptureCoordinator.captureWindow",2,1,1,"captureWindow"
../../PastScreen/Services/WindowCaptureCoordinator.swift,328,330,func,"WindowCaptureCoordinator.convertQuartzRectToAppKit",1,1,1,"appKitRect"
../../PastScreen/Services/WindowCaptureCoordinator.swift,338,395,func,"WindowCaptureCoordinator.addBorderIfNeeded",5,50,4,"BorderRenderResult;CALayer;CGColorSpace;CGContext;CGFloat;CGRect;Int;NSEdgeInsets;ceil;draw;makeImage;max;render"
../../PastScreen/Utils/Localization.swift,23,25,init,"SwizzledBundle.init",1,1,1,"init"
../../PastScreen/Utils/Localization.swift,27,32,func,"SwizzledBundle.localizedString",3,4,2,"localizedString"
../../PastScreen/Utils/Localization.swift,37,50,func,"Bundle.setAppLanguage",1,12,2,"Bundle;path"
../../PastScreen/Utils/Logger.swift,20,26,func,"Logger.log",3,5,1,"Date;localizedString;print"
../../PastScreen/Utils/Logger.swift,28,30,func,"Logger.debug",2,1,1,"log"
../../PastScreen/Utils/Logger.swift,32,34,func,"Logger.info",2,1,1,"log"
../../PastScreen/Utils/Logger.swift,36,38,func,"Logger.success",2,1,1,"log"
../../PastScreen/Utils/Logger.swift,40,42,func,"Logger.warning",2,1,1,"log"
../../PastScreen/Utils/Logger.swift,44,46,func,"Logger.error",2,1,1,"log"
../../PastScreen/Utils/Logger.swift,50,52,func,"logDebug",2,1,1,"debug"
../../PastScreen/Utils/Logger.swift,54,56,func,"logInfo",2,1,1,"info"
../../PastScreen/Utils/Logger.swift,58,60,func,"logSuccess",2,1,1,"success"
../../PastScreen/Utils/Logger.swift,62,64,func,"logWarning",2,1,1,"warning"
../../PastScreen/Utils/Logger.swift,66,68,func,"logError",2,1,1,"error"
../../PastScreen/Views/DynamicIslandView.swift,22,47,func,"DynamicIslandManager.show",3,24,6,"Task;dismiss;scheduledTimer;statusItem;systemFont"
../../PastScreen/Views/DynamicIslandView.swift,49,60,func,"DynamicIslandManager.dismiss",0,10,2,"invalidate;removeStatusItem"
../../PastScreen/Views/ImageEditingWindow.swift,19,35,init,"ImageEditingWindow.init",3,15,1,"NSRect;NSSize;init;setupContentView;setupWindow"
../../PastScreen/Views/ImageEditingWindow.swift,37,48,func,"ImageEditingWindow.setupWindow",0,10,1,"NSLocalizedString;NSSize;center"
../../PastScreen/Views/ImageEditingWindow.swift,50,74,func,"ImageEditingWindow.setupContentView",0,23,3,"AnyView;ImageEditingView;NSHostingView;activate;addSubview;constraint;environmentObject;hide"
../../PastScreen/Views/ImageEditingWindow.swift,76,78,func,"ImageEditingWindow.show",0,1,1,"makeKeyAndOrderFront"
../../PastScreen/Views/ImageEditingWindow.swift,80,82,func,"ImageEditingWindow.hide",0,1,1,"orderOut"
../../PastScreen/Views/ImageEditingWindow.swift,144,153,init,"ImageEditingView.init",3,4,1,"State"
../../PastScreen/Views/ImageEditingWindow.swift,155,161,func,"ImageEditingView.defaultTool",0,5,2,""
../../PastScreen/Views/ImageEditingWindow.swift,178,183,func,"ImageEditingView.ensureValidSelectedTool",0,4,2,"contains"
../../PastScreen/Views/ImageEditingWindow.swift,529,651,func,"ImageEditingView.handleDragChanged",2,121,26,"CGPoint;CGRect;DrawingPath;Path;abs;addEllipse;addLine;addPath;addRect;createArrowPath;imageDisplayRect;max;min;move;pow;sqrt"
../../PastScreen/Views/ImageEditingWindow.swift,653,678,func,"ImageEditingView.createArrowPath",2,24,1,"CGPoint;Path;addLine;atan2;cos;move;sin"
../../PastScreen/Views/ImageEditingWindow.swift,680,740,func,"ImageEditingView.handleDragEnded",2,59,9,"CGPoint;CGRect;MosaicRegion;abs;addMosaic;addPath;append;clampRectToImage;imageDisplayRect;max;min;mosaicScale;placeTextAt;refreshEditedImage;saveState"
../../PastScreen/Views/ImageEditingWindow.swift,742,758,func,"ImageEditingView.confirmTextAndPreparePlacement",0,15,2,"CGPoint;min;sliderMaximum"
../../PastScreen/Views/ImageEditingWindow.swift,760,795,func,"ImageEditingView.placeTextAt",2,34,2,"CGPoint;TextInput;addText;append;imageDisplayRect;max;min;saveState;sliderMaximum"
../../PastScreen/Views/ImageEditingWindow.swift,797,813,func,"ImageEditingView.addTextAtLocation",0,15,2,"TextInput;addText;append;saveState"
../../PastScreen/Views/ImageEditingWindow.swift,815,824,func,"ImageEditingView.sliderLabel",1,8,4,"NSLocalizedString"
../../PastScreen/Views/ImageEditingWindow.swift,826,833,func,"ImageEditingView.sliderMaximum",1,6,3,""
../../PastScreen/Views/ImageEditingWindow.swift,835,860,func,"ImageEditingView.selectTool",1,24,6,"max;min;sliderMaximum"
../../PastScreen/Views/ImageEditingWindow.swift,862,890,func,"ImageEditingView.saveEditedImage",0,27,6,"Array;Canvas;ForEach;Image;ImageRenderer;Text;ZStack;aspectRatio;color;enumerated;font;foregroundColor;onCompletion;position;renderMosaicImage;resizable;stroke;system"
../../PastScreen/Views/ImageEditingWindow.swift,894,896,func,"ImageEditingView.refreshEditedImage",0,1,1,"renderMosaicImage"
../../PastScreen/Views/ImageEditingWindow.swift,898,940,func,"ImageEditingView.renderMosaicImage",1,41,9,"CGPoint;CIFilter;CIImage;Float;NSImage;ciRectFromImageRect;createCGImage;createMask;cropped;max;pixellate"
../../PastScreen/Views/ImageEditingWindow.swift,942,947,func,"ImageEditingView.createMask",2,4,2,"CIImage;composited;cropped"
../../PastScreen/Views/ImageEditingWindow.swift,949,958,func,"ImageEditingView.ciRectFromImageRect",3,8,1,"CGRect"
../../PastScreen/Views/ImageEditingWindow.swift,960,971,func,"ImageEditingView.clampRectToImage",2,10,1,"CGRect;max;min"
../../PastScreen/Views/ImageEditingWindow.swift,973,975,func,"ImageEditingView.mosaicScale",1,1,1,"max"
../../PastScreen/Views/ImageEditingWindow.swift,977,982,func,"ImageEditingView.currentMosaicPreviewRegion",0,4,3,"MosaicRegion;clampRectToImage;mosaicScale"
../../PastScreen/Views/ImageEditingWindow.swift,984,1005,func,"ImageEditingView.convertImageRectToDisplayRect",3,20,2,"CGRect;CGSize;min"
../../PastScreen/Views/ImageEditingWindow.swift,1008,1023,func,"ImageEditingView.imageDisplayRect",2,14,2,"CGPoint;CGRect;CGSize"
../../PastScreen/Views/ImageEditingWindow.swift,1027,1054,func,"ImageEditingView.undo",0,26,14,"addMosaic;addPath;addText;append;firstIndex;insert;popLast;refreshEditedImage;remove;removeMosaic;removePath;removeText"
../../PastScreen/Views/ImageEditingWindow.swift,1056,1083,func,"ImageEditingView.redo",0,26,14,"addMosaic;addPath;addText;append;firstIndex;popLast;refreshEditedImage;remove;removeMosaic;removePath;removeText"
../../PastScreen/Views/ImageEditingWindow.swift,1085,1105,func,"ImageEditingView.calculateTextPosition",3,19,2,"CGPoint;CGSize;min"
../../PastScreen/Views/ImageEditingWindow.swift,1107,1110,func,"ImageEditingView.saveState",0,2,1,"removeAll"
../../PastScreen/Views/ImageEditingWindow.swift,1195,1202,func,"View.onChangeCompat",2,5,4,"action;onChange"
../../PastScreen/Views/MenuBarContentView.swift,63,72,func,"MenuBarContentView.keyboardShortcut",1,8,2,"KeyEquivalent;KeyboardShortcut;eventModifiers"
../../PastScreen/Views/MenuBarContentView.swift,74,81,func,"MenuBarContentView.eventModifiers",1,6,5,"contains;insert"
../../PastScreen/Views/MenuBarContentView.swift,85,88,func,"View.applyHotkey",1,2,2,"AnyView;keyboardShortcut"
../../PastScreen/Views/SelectionWindow.swift,13,13,func,"SelectionWindowDelegate.selectionWindow",2,0,1,""
../../PastScreen/Views/SelectionWindow.swift,14,14,func,"SelectionWindowDelegate.selectionWindow",2,0,1,""
../../PastScreen/Views/SelectionWindow.swift,15,15,func,"SelectionWindowDelegate.selectionWindowDidCancel",1,0,1,""
../../PastScreen/Views/SelectionWindow.swift,21,32,init,"OverlayWindow.init",3,10,1,"init"
../../PastScreen/Views/SelectionWindow.swift,37,45,func,"OverlayWindow.keyDown",1,7,2,"keyDown"
../../PastScreen/Views/SelectionWindow.swift,57,74,init,"SelectionWindow.init",2,13,1,"init;setupMultiScreenOverlays"
../../PastScreen/Views/SelectionWindow.swift,76,121,func,"SelectionWindow.setupMultiScreenOverlays",0,44,9,"NSDeviceDescriptionKey;NSRect;OverlayWindow;SelectionOverlayView;append;flatMap;selectionWindow;selectionWindowDidCancel;setFrame"
../../PastScreen/Views/SelectionWindow.swift,126,132,func,"SelectionWindow.keyDown",1,5,2,"keyDown;selectionWindowDidCancel"
../../PastScreen/Views/SelectionWindow.swift,135,152,func,"SelectionWindow.show",0,16,7,"Task;addGlobalMonitorForEvents;orderFrontRegardless;selectionWindowDidCancel"
../../PastScreen/Views/SelectionWindow.swift,154,165,func,"SelectionWindow.hide",0,10,3,"orderOut;removeMonitor"
../../PastScreen/Views/SelectionWindow.swift,168,175,func,"SelectionWindow.getOverlayWindowIDs",0,6,3,"CGWindowID;compactMap"
../../PastScreen/Views/SelectionWindow.swift,178,182,func,"SelectionWindow.setOverlayAlpha",1,3,2,""
../../PastScreen/Views/SelectionWindow.swift,184,191,func,"SelectionWindow.updateBackgroundSnapshots",1,6,4,"updateBackground"
../../PastScreen/Views/SelectionWindow.swift,221,229,init,"SelectionOverlayView.init",4,7,1,"init"
../../PastScreen/Views/SelectionWindow.swift,231,233,init,"SelectionOverlayView.init",1,1,1,"fatalError"
../../PastScreen/Views/SelectionWindow.swift,235,245,func,"SelectionOverlayView.viewDidMoveToWindow",0,9,2,"viewDidMoveToWindow"
../../PastScreen/Views/SelectionWindow.swift,247,250,func,"SelectionOverlayView.updateBackground",1,2,1,""
../../PastScreen/Views/SelectionWindow.swift,252,261,func,"SelectionOverlayView.updateTrackingAreas",0,8,2,"NSTrackingArea;addTrackingArea;removeTrackingArea;updateTrackingAreas"
../../PastScreen/Views/SelectionWindow.swift,265,267,func,"SelectionOverlayView.acceptsFirstMouse",1,1,1,""
../../PastScreen/Views/SelectionWindow.swift,271,273,func,"SelectionOverlayView.shouldDelayWindowOrdering",1,1,1,""
../../PastScreen/Views/SelectionWindow.swift,275,281,func,"SelectionOverlayView.mouseMoved",1,5,2,"resolveWindowHit"
../../PastScreen/Views/SelectionWindow.swift,283,289,func,"SelectionOverlayView.mouseDown",1,5,1,"convert;resolveWindowHit"
../../PastScreen/Views/SelectionWindow.swift,291,307,func,"SelectionOverlayView.mouseDragged",1,15,4,"abs;convert;max"
../../PastScreen/Views/SelectionWindow.swift,309,357,func,"SelectionOverlayView.mouseUp",1,47,8,"CGRect;Task;abs;emitSelection;max;min"
../../PastScreen/Views/SelectionWindow.swift,359,371,func,"SelectionOverlayView.rightMouseDown",1,11,2,"Task"
../../PastScreen/Views/SelectionWindow.swift,374,384,func,"SelectionOverlayView.emitSelection",1,9,2,"convert;convertToScreen"
../../PastScreen/Views/SelectionWindow.swift,386,425,func,"SelectionOverlayView.draw",1,38,6,"NSBezierPath;NSRect;abs;clip;draw;fill;min;restoreGState;saveGState;setFill;setStroke;stroke;withAlphaComponent"
../../PastScreen/Views/SelectionWindow.swift,431,447,func,"SelectionOverlayView.resolveWindowHit",0,15,3,"CGWindowID;Set;convert;convertFromScreen;hitTestFrontmostWindowAtMouse"
../../PastScreen/Views/SettingsView.swift,16,18,init,"SettingsPage.init",1,1,1,"content"
../../PastScreen/Views/SettingsView.swift,44,49,init,"SettingsGlassSection.init",4,4,1,"content"
../../PastScreen/Views/SettingsView.swift,292,299,func,"EditorSettingsView.binding",1,6,3,"Binding;contains;updateEditingTool"
../../PastScreen/Views/SettingsView.swift,386,398,init,"EditingToolRow.init",5,5,1,""
../../PastScreen/Views/SettingsView.swift,448,450,func,"EditingToolDropDelegate.validateDrop",1,1,1,""
../../PastScreen/Views/SettingsView.swift,452,468,func,"EditingToolDropDelegate.dropEntered",1,15,5,"IndexSet;firstIndex;getOrder;move;setOrder;withAnimation"
../../PastScreen/Views/SettingsView.swift,470,472,func,"EditingToolDropDelegate.dropExited",1,1,1,""
../../PastScreen/Views/SettingsView.swift,474,478,func,"EditingToolDropDelegate.performDrop",1,3,1,""
../../PastScreen/Views/SettingsView.swift,531,543,func,"HotKeyRecorderView.startRecording",0,11,3,"HotKey;addLocalMonitorForEvents;lowercased;normalizedModifiers;setRecordingHotKey;stopRecording"
../../PastScreen/Views/SettingsView.swift,545,552,func,"HotKeyRecorderView.stopRecording",0,6,2,"removeMonitor;setRecordingHotKey"

